{
    "mappings": [ {
        "request": {
            "method": "GET",
            "url": "/search?q=things",
            "headers": {
                "Accept": {
                    "equalTo": "application/json"
                }
            }
        },
        "response": {
            "status": 200,
            "jsonBody": [
                "thing1",
                "thing2"
            ],
            "headers": {
                "Content-Type": "application/json"
            }
        }
    },
    {
        "request": {
            "method": "POST",
            "urlPath": "/some/things",
            "bodyPatterns": [
                {
                    "equalToXml": "<stuff />"
                }
            ]
        },
        "response": {
            "status": 201
        }
    } ],

    "meta": {
        "total": 2
    }
}